[
  {
    "id": "b8124a84-dd72-4feb-827b-c858365343dc",
    "data": [
      {
        "text": "show me ",
        "userDefined": false
      },
      {
        "text": "all",
        "meta": "@sys.ignore",
        "userDefined": true
      },
      {
        "text": " products",
        "userDefined": false
      }
    ],
    "isTemplate": false,
    "count": 0
  },
  {
    "id": "06d13bf5-bb40-458f-8bc5-4683ae37fcf8",
    "data": [
      {
        "text": "show menu",
        "userDefined": false
      }
    ],
    "isTemplate": false,
    "count": 0
  },
  {
    "id": "928db061-14b4-41fb-b52a-303fbe5d75ed",
    "data": [
      {
        "text": "show me all items",
        "userDefined": false
      }
    ],
    "isTemplate": false,
    "count": 0
  }
]