[
  {
    "id": "4a80d6d1-6713-4b12-bc76-77e6b2db8898",
    "data": [
      {
        "text": "i\u0027ll get ",
        "userDefined": false
      },
      {
        "text": "a",
        "meta": "@sys.ignore",
        "userDefined": true
      },
      {
        "text": " ",
        "userDefined": false
      },
      {
        "text": "junior double down",
        "alias": "item",
        "meta": "@sys.any",
        "userDefined": true
      }
    ],
    "isTemplate": false,
    "count": 0
  },
  {
    "id": "ec4e48ee-07bb-4842-901a-f68da9d1b984",
    "data": [
      {
        "text": "seven",
        "alias": "quantity",
        "meta": "@sys.number-integer",
        "userDefined": true
      },
      {
        "text": " ",
        "userDefined": false
      },
      {
        "text": "california maki twister",
        "alias": "item",
        "meta": "@sys.any",
        "userDefined": true
      },
      {
        "text": " all for takeout",
        "userDefined": false
      }
    ],
    "isTemplate": false,
    "count": 0
  },
  {
    "id": "95c105b7-1dc8-46d0-a251-732fd2fdd7f8",
    "data": [
      {
        "text": "One",
        "alias": "quantity",
        "meta": "@sys.number-integer",
        "userDefined": true
      },
      {
        "text": " ",
        "userDefined": false
      },
      {
        "text": "hot shots",
        "alias": "item",
        "meta": "@sys.any",
        "userDefined": true
      },
      {
        "text": " please",
        "userDefined": false
      }
    ],
    "isTemplate": false,
    "count": 0
  },
  {
    "id": "57e939ec-99d7-4053-b975-1351ec71e5c7",
    "data": [
      {
        "text": "Can I have ",
        "userDefined": false
      },
      {
        "text": "two",
        "alias": "quantity",
        "meta": "@sys.number-integer",
        "userDefined": true
      },
      {
        "text": "  ",
        "userDefined": false
      },
      {
        "text": "junior double down",
        "alias": "item",
        "meta": "@sys.any",
        "userDefined": true
      }
    ],
    "isTemplate": false,
    "count": 0
  },
  {
    "id": "298f1bff-b224-4379-b3f1-56a54a38b1e5",
    "data": [
      {
        "text": "I\u0027d like to have ",
        "userDefined": false
      },
      {
        "text": "4",
        "alias": "quantity",
        "meta": "@sys.number-integer",
        "userDefined": true
      },
      {
        "text": " ",
        "userDefined": false
      },
      {
        "text": "zinger",
        "alias": "item",
        "meta": "@sys.any",
        "userDefined": true
      },
      {
        "text": " burgers",
        "userDefined": false
      }
    ],
    "isTemplate": false,
    "count": 0
  }
]